sentinel_4_673_high_density_120.94158929849634_40.69811721457736.tif,water_4_673_high_density_120.94158929849634_40.69811721457736.tif
sentinel_8_390_rural_-95.59962173245162_35.3399454521294.tif,water_8_390_rural_-95.59962173245162_35.3399454521294.tif
sentinel_13_106_rural_51.23629289778179_11.653419152176511.tif,water_13_106_rural_51.23629289778179_11.653419152176511.tif
sentinel_2_32_inhabited_47.48036978495905_-14.710632343631648.tif,water_2_521_inhabited_-102.92399843160813_20.207531198953358.tif
sentinel_1_159_rural_169.45186427646658_-19.517775152501088.tif,water_1_159_rural_169.45186427646658_-19.517775152501088.tif
sentinel_7_39_low_density_29.64477266846622_-4.616422597712503.tif,water_7_39_low_density_29.64477266846622_-4.616422597712503.tif
sentinel_13_840_inhabited_58.63707629348907_20.230803247351293.tif,water_13_840_inhabited_58.63707629348907_20.230803247351293.tif
sentinel_1_492_rural_-34.97713515401683_-6.682101160721305.tif,water_1_494_inhabited_-88.34797297147684_17.35182924320449.tif
sentinel_1_28_rural_40.71116008515868_-14.334966457181993.tif,water_1_28_rural_40.71116008515868_-14.334966457181993.tif
sentinel_1_278_rural_101.87822775704873_-3.423621984117837.tif,water_1_278_rural_101.87822775704873_-3.423621984117837.tif
sentinel_10_749_inhabited_88.83010435467857_48.38121967528145.tif,water_10_749_inhabited_88.83010435467857_48.38121967528145.tif
sentinel_1_19_rural_32.724477565634935_-26.185897031419834.tif,water_1_19_rural_32.724477565634935_-26.185897031419834.tif
sentinel_1_262_rural_120.2424646807307_11.952963724542792.tif,water_1_262_rural_120.2424646807307_11.952963724542792.tif
sentinel_4_671_low_density_140.92534051108248_41.73406003041495.tif,water_4_671_low_density_140.92534051108248_41.73406003041495.tif
sentinel_1_221_inhabited_110.76304457435333_1.5527793825382978.tif,water_1_221_inhabited_110.76304457435333_1.5527793825382978.tif
sentinel_13_435_inhabited_-113.12211415027465_31.05412506562042.tif,water_13_435_inhabited_-113.12211415027465_31.05412506562042.tif
sentinel_2_536_inhabited_-69.28613198348849_11.528564322680028.tif,water_2_536_inhabited_-69.28613198348849_11.528564322680028.tif
sentinel_13_826_inhabited_93.01120275294736_50.23529605690004.tif,water_13_826_inhabited_93.01120275294736_50.23529605690004.tif
sentinel_13_606_inhabited_-70.27111619248731_11.317604251841502.tif,water_13_606_inhabited_-70.27111619248731_11.317604251841502.tif
sentinel_1_247_low_density_124.311470196718_11.907717226153474.tif,water_1_247_low_density_124.311470196718_11.907717226153474.tif
sentinel_12_789_high_density_25.16105737720532_35.32987234284967.tif,water_12_789_high_density_25.16105737720532_35.32987234284967.tif
sentinel_13_827_inhabited_84.32079828247194_48.013254656351094.tif,water_13_827_inhabited_84.32079828247194_48.013254656351094.tif
sentinel_13_826_rural_93.11622796005916_49.12998746507504.tif,water_13_826_rural_93.11622796005916_49.12998746507504.tif
sentinel_4_334_low_density_-77.4071538404494_43.259005704177646.tif,water_4_334_low_density_-77.4071538404494_43.259005704177646.tif
sentinel_13_826_inhabited_92.33536801998393_50.29058890996277.tif,water_13_826_inhabited_92.33536801998393_50.29058890996277.tif
sentinel_12_799_low_density_6.6388701760081466_43.2606957034769.tif,water_12_799_low_density_6.6388701760081466_43.2606957034769.tif
sentinel_4_175_rural_174.0816552591373_-41.95377331662139.tif,water_4_175_rural_174.0816552591373_-41.95377331662139.tif
sentinel_8_394_inhabited_-111.54204952839034_46.418715792447294.tif,water_8_394_inhabited_-111.54204952839034_46.418715792447294.tif
sentinel_4_648_low_density_-8.782627598462788_42.28879449696889.tif,water_4_648_low_density_-8.782627598462788_42.28879449696889.tif
sentinel_12_89_rural_17.917488507339375_-32.73284729831226.tif,water_12_89_rural_17.917488507339375_-32.73284729831226.tif
sentinel_8_732_inhabited_79.48111295411447_53.09317405396298.tif,water_8_732_inhabited_79.48111295411447_53.09317405396298.tif
sentinel_1_495_inhabited_-66.0727387776364_18.457895882208582.tif,water_1_495_rural_-65.91935461959996_17.974926188008805.tif
sentinel_8_387_high_density_-88.35450555452013_44.157826703520726.tif,water_8_387_high_density_-88.35450555452013_44.157826703520726.tif
sentinel_4_661_rural_48.862548420293564_53.66441611261678.tif,water_4_661_rural_48.862548420293564_53.66441611261678.tif
sentinel_4_337_low_density_-89.8657751653519_29.97121007928583.tif,water_4_337_low_density_-89.8657751653519_29.97121007928583.tif
sentinel_2_299_inhabited_107.12974674050035_11.119232223276855.tif,water_2_300_inhabited_108.92735306637812_10.5481016421494.tif
sentinel_13_315_inhabited_79.75135231435749_9.069856133719451.tif,water_13_315_inhabited_79.75135231435749_9.069856133719451.tif
sentinel_4_343_rural_-89.98569376998222_44.12682703299717.tif,water_4_343_rural_-89.98569376998222_44.12682703299717.tif
sentinel_1_236_rural_115.325413949096_29.29518806407817.tif,water_1_236_rural_115.325413949096_29.29518806407817.tif
sentinel_9_585_inhabited_-60.05715728777787_-32.79148447716506.tif,water_9_585_inhabited_-60.05715728777787_-32.79148447716506.tif
sentinel_5_689_low_density_10.578695534477092_45.57039411253447.tif,water_5_689_low_density_10.578695534477092_45.57039411253447.tif
sentinel_13_426_inhabited_-115.78033143856852_30.04754988932082.tif,water_13_426_inhabited_-115.78033143856852_30.04754988932082.tif
sentinel_4_651_low_density_0.28483845709201583_53.27372305561701.tif,water_4_651_low_density_0.28483845709201583_53.27372305561701.tif
sentinel_1_20_low_density_55.74542060594627_-20.958131679279905.tif,water_1_20_low_density_55.74542060594627_-20.958131679279905.tif
sentinel_14_111_high_density_3.110102589050057_6.413681113708076.tif,water_14_111_high_density_3.110102589050057_6.413681113708076.tif
sentinel_1_146_inhabited_166.45031404346162_-21.697923298652896.tif,water_1_146_inhabited_166.45031404346162_-21.697923298652896.tif
sentinel_4_344_rural_-90.7418948812319_46.79086790726683.tif,water_4_344_rural_-90.7418948812319_46.79086790726683.tif
sentinel_7_66_low_density_35.13497841310671_-14.321277016947915.tif,water_7_66_low_density_35.13497841310671_-14.321277016947915.tif
sentinel_4_664_low_density_5.2517241021000975_52.717258457854335.tif,water_4_664_low_density_5.2517241021000975_52.717258457854335.tif
sentinel_9_312_inhabited_68.21588084414567_23.61607696240949.tif,water_9_312_inhabited_68.21588084414567_23.61607696240949.tif
sentinel_4_651_low_density_-5.496903314422765_50.12782280330989.tif,water_4_651_low_density_-5.496903314422765_50.12782280330989.tif
sentinel_1_223_rural_104.00843397140194_10.042270136848606.tif,water_1_223_rural_104.00843397140194_10.042270136848606.tif
sentinel_12_423_inhabited_-121.09519195248437_35.55701895051221.tif,water_12_423_inhabited_-121.09519195248437_35.55701895051221.tif
sentinel_9_581_rural_-80.1456037339979_25.744165103762327.tif,water_9_581_rural_-80.1456037339979_25.744165103762327.tif
sentinel_1_241_low_density_121.14575369932936_13.653330433748039.tif,water_1_241_low_density_121.14575369932936_13.653330433748039.tif
sentinel_1_289_rural_107.42266954780227_-6.080465869287227.tif,water_1_289_rural_107.42266954780227_-6.080465869287227.tif
sentinel_4_334_low_density_-73.22825377899996_44.498194346031305.tif,water_4_334_low_density_-73.22825377899996_44.498194346031305.tif
sentinel_1_265_high_density_100.25397344372473_5.300448699311101.tif,water_1_265_high_density_100.25397344372473_5.300448699311101.tif
sentinel_1_251_rural_128.2552819915287_26.68620816961646.tif,water_1_251_rural_128.2552819915287_26.68620816961646.tif
sentinel_1_241_rural_122.25783566565457_16.531457208694686.tif,water_1_241_rural_122.25783566565457_16.531457208694686.tif
sentinel_8_394_rural_-111.54273622995258_46.4878318587757.tif,water_8_394_rural_-111.54273622995258_46.4878318587757.tif
sentinel_1_475_rural_-61.81782442052887_17.026216766079774.tif,water_1_475_rural_-61.81782442052887_17.026216766079774.tif
sentinel_1_23_rural_3.7354380025832_6.621573323021831.tif,water_1_23_rural_3.7354380025832_6.621573323021831.tif
sentinel_10_749_inhabited_85.60504168136961_48.73279303873935.tif,water_10_749_inhabited_85.60504168136961_48.73279303873935.tif
sentinel_12_206_inhabited_118.14840839861779_-34.98530422714674.tif,water_12_206_inhabited_118.14840839861779_-34.98530422714674.tif
sentinel_9_312_inhabited_69.1251004671454_24.018778378546195.tif,water_9_312_inhabited_69.1251004671454_24.018778378546195.tif
sentinel_12_806_low_density_17.426421085626544_40.32802074534345.tif,water_12_806_low_density_17.426421085626544_40.32802074534345.tif
sentinel_8_386_inhabited_-109.66759059585645_52.73264235648873.tif,water_8_386_inhabited_-109.66759059585645_52.73264235648873.tif
sentinel_1_482_rural_-55.45495476332481_-2.094417469298262.tif,water_1_482_rural_-55.45495476332481_-2.094417469298262.tif
sentinel_9_744_rural_32.04276573748307_31.36958416964645.tif,water_9_744_rural_32.04276573748307_31.36958416964645.tif
sentinel_4_685_rural_131.89133109073165_42.96269398007511.tif,water_4_685_rural_131.89133109073165_42.96269398007511.tif
sentinel_13_98_inhabited_12.955396395963747_-19.81080051912723.tif,water_13_98_inhabited_12.955396395963747_-19.81080051912723.tif
sentinel_12_198_inhabited_123.06634203226115_-34.120020126826624.tif,water_12_198_inhabited_123.06634203226115_-34.120020126826624.tif
sentinel_2_529_inhabited_-57.78503572329768_-17.551561297590442.tif,water_2_529_rural_-57.5697146516289_-18.107615658056197 (1).tif
sentinel_1_485_inhabited_-41.648895659395194_-2.8836070101413274.tif,water_1_485_inhabited_-41.648895659395194_-2.8836070101413274.tif
sentinel_13_821_inhabited_58.99735828130433_21.244468394325878.tif,water_13_821_inhabited_58.99735828130433_21.244468394325878.tif
sentinel_6_711_rural_-21.83272638259962_66.1816077298563.tif,water_6_711_rural_-21.83272638259962_66.1816077298563.tif
sentinel_4_332_rural_-95.9700660115677_32.91833698393349.tif,water_4_332_rural_-95.9700660115677_32.91833698393349.tif
sentinel_4_173_rural_175.16870383214845_-36.815898982617874.tif,water_4_173_rural_175.16870383214845_-36.815898982617874.tif
sentinel_1_623_rural_-156.15155641401878_20.848464547971457.tif,water_1_625_inhabited_-140.09105608128587_-9.366613767927328.tif
sentinel_1_518_inhabited_-49.69648504020795_-4.275323662629159.tif,water_1_519_inhabited_-88.07712717349054_18.51752298149527.tif
sentinel_1_241_rural_122.27914570958897_18.209091420729465.tif,water_1_241_rural_122.27914570958897_18.209091420729465.tif
sentinel_12_199_inhabited_137.3573551303593_-34.50584830457708.tif,water_12_199_inhabited_137.3573551303593_-34.50584830457708.tif
sentinel_4_651_rural_-6.550089474034039_54.581523885380044.tif,water_4_651_rural_-6.550089474034039_54.581523885380044.tif
sentinel_13_840_inhabited_58.78565354058989_20.36810342788795.tif,water_13_840_inhabited_58.78565354058989_20.36810342788795.tif
sentinel_12_203_inhabited_139.18925640243913_-35.38974469269428.tif,water_12_203_inhabited_139.18925640243913_-35.38974469269428.tif
sentinel_1_625_inhabited_-140.09105608128587_-9.366613767927328.tif,water_1_625_inhabited_-140.16228130241257_-8.811121254194308.tif
sentinel_13_601_inhabited_-90.7192337296783_0.5626315345195873.tif,water_13_601_inhabited_-90.7192337296783_0.5626315345195873.tif
sentinel_1_508_inhabited_-49.558235071146925_-4.205618994961695.tif,water_1_510_inhabited_-61.81922457825966_10.100051168299157.tif
sentinel_13_101_inhabited_25.581630870364226_-30.620080628179053.tif,water_13_101_inhabited_25.581630870364226_-30.620080628179053.tif
sentinel_1_236_low_density_119.66547484081904_26.487853977456027.tif,water_1_236_low_density_119.66547484081904_26.487853977456027.tif
sentinel_4_670_inhabited_136.10049953013188_35.70450371785492.tif,water_4_670_inhabited_136.10049953013188_35.70450371785492.tif
sentinel_7_44_low_density_2.415535172561113_6.482832852844917.tif,water_7_44_low_density_2.415535172561113_6.482832852844917.tif
sentinel_13_840_rural_57.822090853051826_18.98732940938527.tif,water_13_840_rural_57.822090853051826_18.98732940938527.tif
sentinel_8_578_high_density_-67.51194485634343_-45.89294764633654.tif,water_8_578_high_density_-67.51194485634343_-45.89294764633654.tif
sentinel_4_172_rural_169.61874613339182_-46.57059723342871.tif,water_4_172_rural_169.61874613339182_-46.57059723342871.tif
sentinel_2_300_inhabited_109.26316796671313_12.216367282870893.tif,water_2_301_inhabited_79.73892479972153_8.256440296853016.tif
sentinel_1_11_low_density_-1.4392685061217791_6.50029469257021.tif,water_1_11_low_density_-1.4392685061217791_6.50029469257021.tif
sentinel_1_11_rural_-0.39732819936729497_6.634816853150564.tif,water_1_11_rural_-0.39732819936729497_6.634816853150564.tif
sentinel_1_268_high_density_117.06812428190473_23.61765102508136.tif,water_1_268_high_density_117.06812428190473_23.61765102508136.tif
sentinel_4_173_rural_174.1335814909047_-35.18430944806097.tif,water_4_173_rural_174.1335814909047_-35.18430944806097.tif
sentinel_12_785_rural_25.33243846709345_39.86784151662784.tif,water_12_785_rural_25.33243846709345_39.86784151662784.tif
sentinel_1_439_rural_-51.003371754255035_-22.813032994593375.tif,water_1_439_rural_-51.003371754255035_-22.813032994593375.tif
sentinel_12_795_low_density_9.292829022795956_44.3364939645302.tif,water_12_795_low_density_9.292829022795956_44.3364939645302.tif
sentinel_1_480_rural_-48.88971326391116_-1.587484566037267.tif,water_1_480_rural_-48.88971326391116_-1.587484566037267.tif
sentinel_13_836_rural_33.67699505986361_27.357186941532674.tif,water_13_836_rural_33.67699505986361_27.357186941532674.tif
sentinel_14_321_low_density_98.51280595988045_13.194390835125287.tif,water_14_321_low_density_98.51280595988045_13.194390835125287.tif
sentinel_11_782_inhabited_113.047972677059_55.130760280335075.tif,water_11_782_inhabited_113.047972677059_55.130760280335075.tif
sentinel_14_612_high_density_-80.36923211092926_27.595655206769912.tif,water_14_612_high_density_-80.36923211092926_27.595655206769912.tif
sentinel_13_207_inhabited_115.54685736651115_-20.4423875923373.tif,water_13_207_inhabited_115.54685736651115_-20.4423875923373.tif
sentinel_4_169_rural_167.4789885245821_-45.46589953844803.tif,water_4_169_rural_167.4789885245821_-45.46589953844803.tif
sentinel_4_654_rural_21.703265301714925_53.78544057430835.tif,water_4_654_rural_21.703265301714925_53.78544057430835.tif
sentinel_9_746_inhabited_132.29967326970097_44.80464160682832.tif,water_9_746_inhabited_132.29967326970097_44.80464160682832.tif
sentinel_1_7_rural_8.765460059407019_3.3514871063762426.tif,water_2_163_inhabited_121.68843521573584_-8.33442551517673.tif
sentinel_13_92_inhabited_39.13785991957243_16.63427961988609.tif,water_13_92_inhabited_39.13785991957243_16.63427961988609.tif
sentinel_4_668_inhabited_-16.355938073028945_33.06080972169214.tif,water_4_668_inhabited_-16.355938073028945_33.06080972169214.tif
sentinel_4_338_rural_-67.01062596130873_44.91723836752888.tif,water_4_338_rural_-67.01062596130873_44.91723836752888.tif
sentinel_12_797_rural_12.551745191302663_32.77118664916978.tif,water_12_797_rural_12.551745191302663_32.77118664916978.tif
sentinel_1_5_inhabited_9.88917582038065_-2.51512027638772.tif,water_1_622_inhabited_-176.1918133551542_-13.25590413415757.tif
sentinel_1_279_inhabited_98.95389577698626_2.417840527805745.tif,water_1_279_inhabited_98.95389577698626_2.417840527805745.tif
sentinel_1_236_rural_119.65287342124199_25.933672439432723.tif,water_1_236_rural_119.65287342124199_25.933672439432723.tif
sentinel_10_81_inhabited_25.74955169783489_-30.661884700555113.tif,water_10_81_inhabited_25.74955169783489_-30.661884700555113.tif
sentinel_7_183_inhabited_142.64257154047186_-9.771286106729647.tif,water_7_183_inhabited_142.64257154047186_-9.771286106729647.tif
sentinel_6_374_rural_-65.65178626088796_53.74004692558428.tif,water_6_374_rural_-65.65178626088796_53.74004692558428.tif
sentinel_1_468_inhabited_-68.69195676811682_18.15893991118136.tif,water_1_468_inhabited_-68.69195676811682_18.15893991118136.tif
sentinel_7_572_inhabited_-63.00101121225231_7.629232060877423.tif,water_7_572_inhabited_-63.00101121225231_7.629232060877423.tif
sentinel_6_373_rural_-56.740968425340704_51.281597364484796.tif,water_6_373_rural_-56.740968425340704_51.281597364484796.tif
sentinel_4_658_rural_38.84096851233296_44.22595284941528.tif,water_4_658_rural_38.84096851233296_44.22595284941528.tif
sentinel_8_399_low_density_-88.51863614609537_30.340120427639512.tif,water_8_399_low_density_-88.51863614609537_30.340120427639512.tif
sentinel_2_536_inhabited_-68.65252047840015_11.320132562138804.tif,water_2_536_inhabited_-68.65252047840015_11.320132562138804.tif
sentinel_1_247_rural_125.71947594535406_10.793677714465828.tif,water_1_247_rural_125.71947594535406_10.793677714465828.tif
sentinel_8_731_rural_82.97022129630318_54.82044251982367.tif,water_8_731_rural_82.97022129630318_54.82044251982367.tif
sentinel_12_785_low_density_28.685129530754132_36.95206655148695.tif,water_12_785_low_density_28.685129530754132_36.95206655148695.tif
sentinel_4_174_inhabited_167.69565178566796_-46.785766695661685.tif,water_4_174_inhabited_167.69565178566796_-46.785766695661685.tif
sentinel_4_661_low_density_49.34845220298651_55.174133956281956.tif,water_4_661_low_density_49.34845220298651_55.174133956281956.tif
sentinel_1_221_rural_114.04433651194624_4.569700136874496.tif,water_1_221_rural_114.04433651194624_4.569700136874496.tif
sentinel_1_510_inhabited_-61.81922457825966_10.100051168299157.tif,water_1_510_low_density_-61.67878073148033_10.168962115979111.tif
sentinel_8_190_rural_170.22586166002057_-46.161608484806656.tif,water_8_190_rural_170.22586166002057_-46.161608484806656.tif
sentinel_8_576_rural_-61.18914468120564_-34.4878870455338.tif,water_8_576_rural_-61.18914468120564_-34.4878870455338.tif
sentinel_1_492_rural_-34.97631467942299_-6.473803173211687 (1).tif,water_1_492_rural_-34.97631467942299_-6.473803173211687.tif
sentinel_1_478_inhabited_-73.85929684188152_9.106251316517678.tif,water_1_478_inhabited_-73.85929684188152_9.106251316517678.tif
sentinel_1_251_inhabited_128.63902776908722_27.381083264078093.tif,water_1_251_inhabited_128.63902776908722_27.381083264078093.tif
sentinel_13_426_rural_-110.98184820394486_24.053746649007316.tif,water_13_426_rural_-110.98184820394486_24.053746649007316.tif
sentinel_8_738_rural_103.40083240275835_53.41920568658673.tif,water_8_738_rural_103.40083240275835_53.41920568658673.tif
sentinel_4_681_rural_128.59086947771002_34.77783563243306.tif,water_4_681_rural_128.59086947771002_34.77783563243306.tif
sentinel_1_284_rural_99.82717504549521_10.066438464558283.tif,water_1_284_rural_99.82717504549521_10.066438464558283.tif
sentinel_1_25_inhabited_39.63811754855641_-4.1517307587308.tif,water_1_25_inhabited_39.63811754855641_-4.1517307587308.tif
sentinel_1_265_rural_103.59298398535344_1.376537872501903.tif,water_1_265_rural_103.59298398535344_1.376537872501903.tif
sentinel_7_181_rural_136.8399745533301_-13.892650387286482.tif,water_7_181_rural_136.8399745533301_-13.892650387286482.tif
sentinel_12_803_rural_-1.6508305556025193_37.37379941091976.tif,water_12_803_rural_-1.6508305556025193_37.37379941091976.tif
sentinel_13_316_rural_81.34881188945131_16.32315030298296.tif,water_13_316_rural_81.34881188945131_16.32315030298296.tif
sentinel_13_315_rural_79.95932032838915_9.626137908338933.tif,water_13_315_rural_79.95932032838915_9.626137908338933.tif
sentinel_13_93_inhabited_42.81067876606208_12.9530063177991.tif,water_13_93_inhabited_42.81067876606208_12.9530063177991.tif
sentinel_1_23_high_density_3.5269393555261783_6.5523680746723505.tif,water_1_23_high_density_3.5269393555261783_6.5523680746723505.tif
sentinel_4_672_rural_-6.577397008885342_57.93821476268566.tif,water_4_672_rural_-6.577397008885342_57.93821476268566.tif
sentinel_7_384_high_density_-93.85502519989726_29.85633917704801.tif,water_7_384_high_density_-93.85502519989726_29.85633917704801.tif
sentinel_13_99_inhabited_43.23432903894787_-22.202822851833513.tif,water_13_99_inhabited_43.23432903894787_-22.202822851833513.tif
sentinel_8_735_low_density_44.83805365102179_49.05200670585238.tif,water_8_735_low_density_44.83805365102179_49.05200670585238.tif
sentinel_6_383_inhabited_-132.27607570692615_59.8366993316955.tif,water_6_383_inhabited_-132.27607570692615_59.8366993316955.tif
sentinel_1_29_rural_16.160121109367925_-2.2012842851451455.tif,water_1_29_rural_16.160121109367925_-2.2012842851451455.tif
sentinel_2_300_inhabited_108.92735306637812_10.5481016421494.tif,water_2_300_inhabited_109.26316796671313_12.216367282870893.tif
sentinel_4_682_low_density_140.43074594043637_35.466307457781944.tif,water_4_682_low_density_140.43074594043637_35.466307457781944.tif
sentinel_1_442_inhabited_-39.80305969652337_-19.550964241641886.tif,water_1_442_inhabited_-39.80305969652337_-19.550964241641886.tif
sentinel_13_597_rural_-63.858906582126856_11.13171324712545.tif,water_13_597_rural_-63.858906582126856_11.13171324712545.tif
sentinel_9_584_inhabited_-55.89193328925934_-16.25810093681529.tif,water_9_584_inhabited_-55.89193328925934_-16.25810093681529.tif
sentinel_2_292_low_density_82.72953239874134_24.030425550497792.tif,water_2_293_rural_80.11139351071589_13.590746950462929.tif
sentinel_1_268_high_density_110.43599180758834_21.26983622021893.tif,water_1_268_high_density_110.43599180758834_21.26983622021893.tif
sentinel_12_806_low_density_9.457579429417624_42.63138723090513.tif,water_12_806_low_density_9.457579429417624_42.63138723090513.tif
sentinel_12_786_rural_28.615157317023456_40.18875410124223.tif,water_12_786_rural_28.615157317023456_40.18875410124223.tif
sentinel_4_178_rural_147.33444212800865_-43.09621730201949.tif,water_4_178_rural_147.33444212800865_-43.09621730201949.tif
sentinel_1_285_inhabited_104.26082800922909_12.639758927895578.tif,water_1_285_inhabited_104.26082800922909_12.639758927895578.tif
sentinel_1_622_inhabited_-178.1347105706564_-14.312653115510548.tif,water_1_623_rural_-155.36497544729198_20.05258635554822.tif
sentinel_2_547_low_density_-101.56617540622752_17.645898039477146.tif,water_2_547_low_density_-101.56617540622752_17.645898039477146.tif
sentinel_1_247_high_density_125.68405730568655_7.069039654634072.tif,water_1_247_high_density_125.68405730568655_7.069039654634072.tif
sentinel_10_194_inhabited_169.08472865033218_-44.627307617033836.tif,water_10_194_inhabited_169.08472865033218_-44.627307617033836.tif
sentinel_4_178_rural_148.1540070652278_-40.44224061882747.tif,water_4_178_rural_148.1540070652278_-40.44224061882747.tif
sentinel_11_776_low_density_44.09069939626215_67.79091513644912.tif,water_11_776_low_density_44.09069939626215_67.79091513644912.tif
sentinel_4_665_low_density_40.266525282715385_40.946266188201626.tif,water_4_665_low_density_40.266525282715385_40.946266188201626.tif
sentinel_8_734_inhabited_124.36158603345767_45.22698090400439.tif,water_8_734_inhabited_124.36158603345767_45.22698090400439.tif
sentinel_4_686_rural_13.546062298806344_47.937530202261485.tif,water_4_686_rural_13.546062298806344_47.937530202261485.tif
sentinel_12_799_low_density_5.038645958261185_43.507899347677835.tif,water_12_799_low_density_5.038645958261185_43.507899347677835.tif
sentinel_14_611_low_density_-69.87356503806734_12.413423876624773.tif,water_14_611_low_density_-69.87356503806734_12.413423876624773.tif
sentinel_12_798_low_density_-2.9605621761216963_35.25970838777369.tif,water_12_798_low_density_-2.9605621761216963_35.25970838777369.tif
sentinel_1_442_low_density_-39.11212198829194_-16.621027171555255.tif,water_1_442_low_density_-39.11212198829194_-16.621027171555255.tif
sentinel_13_105_inhabited_53.51915197759867_12.402374224214334.tif,water_13_105_inhabited_53.51915197759867_12.402374224214334.tif
sentinel_7_66_rural_35.206823449279824_-14.390014059686782.tif,water_7_66_rural_35.206823449279824_-14.390014059686782.tif
sentinel_9_581_inhabited_-80.91203848216523_24.77565727315599.tif,water_9_581_inhabited_-80.91203848216523_24.77565727315599.tif
sentinel_1_278_rural_99.11581465443899_0.49112539002652905.tif,water_1_278_rural_99.11581465443899_0.49112539002652905.tif
sentinel_12_596_inhabited_-70.4525391779478_-25.114589085127356.tif,water_12_596_inhabited_-70.4525391779478_-25.114589085127356.tif
sentinel_2_525_rural_-35.0449045718271_-6.265237639638863.tif,water_2_525_rural_-41.695916880003765_-9.725838948792928.tif
sentinel_2_522_rural_-101.7985480803247_18.613616609197024.tif,water_2_525_rural_-35.0449045718271_-6.265237639638863.tif
sentinel_7_39_inhabited_29.769988685148032_-6.326701888559562.tif,water_7_39_inhabited_29.769988685148032_-6.326701888559562.tif
sentinel_1_628_inhabited_-109.29597357316332_-27.12842168018775.tif,water_1_630_inhabited_-149.89322592191172_-17.53038948578868.tif
sentinel_7_384_low_density_-93.77659407146817_29.995436375309197.tif,water_7_384_low_density_-93.77659407146817_29.995436375309197.tif
sentinel_1_1_inhabited_28.94160364604518_-1.9547405879001232.tif,water_1_1_inhabited_28.94160364604518_-1.9547405879001232.tif
sentinel_1_289_high_density_107.20404428225288_-7.4654626564875155.tif,water_1_289_high_density_107.20404428225288_-7.4654626564875155.tif
sentinel_1_28_low_density_39.89687472358683_-16.227038838876986.tif,water_1_28_low_density_39.89687472358683_-16.227038838876986.tif
sentinel_6_371_inhabited_-150.93200918512034_60.23995367636284.tif,water_6_371_inhabited_-150.93200918512034_60.23995367636284.tif
sentinel_12_806_low_density_13.220008370677329_38.15191700384711.tif,water_12_806_low_density_13.220008370677329_38.15191700384711.tif
sentinel_12_798_rural_-3.466741491304659_35.189562269101934.tif,water_12_798_rural_-3.466741491304659_35.189562269101934.tif
sentinel_4_661_low_density_31.50030271702822_50.00780163935534.tif,water_4_661_low_density_31.50030271702822_50.00780163935534.tif
sentinel_1_159_rural_168.55481799934276_-16.929195645358895.tif,water_1_159_rural_168.55481799934276_-16.929195645358895.tif
sentinel_12_423_rural_-122.77934091115819_38.99803588783952.tif,water_12_423_rural_-122.77934091115819_38.99803588783952.tif
sentinel_12_791_rural_31.179296491291705_36.83786005530609.tif,water_12_791_rural_31.179296491291705_36.83786005530609.tif
sentinel_12_205_inhabited_114.763585052766_-28.97651840729366.tif,water_12_205_inhabited_114.763585052766_-28.97651840729366.tif
sentinel_1_439_rural_-50.999849064422826_-20.211321434848788.tif,water_1_439_rural_-50.999849064422826_-20.211321434848788.tif
sentinel_2_636_rural_-155.3528199378203_19.22044229425731.tif,water_2_636_rural_-155.3528199378203_19.22044229425731.tif
sentinel_1_268_low_density_110.36285363210972_21.061408918778763.tif,water_1_268_low_density_110.36285363210972_21.061408918778763.tif
sentinel_4_648_low_density_-8.982381948354005_42.53697022519948.tif,water_4_648_low_density_-8.982381948354005_42.53697022519948.tif
sentinel_1_250_inhabited_97.61584886477769_16.13298302035665.tif,water_1_250_inhabited_97.61584886477769_16.13298302035665.tif
sentinel_1_283_high_density_120.23353310132067_22.769240163147483.tif,water_1_283_high_density_120.23353310132067_22.769240163147483.tif
sentinel_14_616_low_density_-48.50788935890669_-27.56044168575085.tif,water_14_616_low_density_-48.50788935890669_-27.56044168575085.tif
sentinel_12_596_inhabited_-71.48739397312836_-29.015245699942835.tif,water_12_596_inhabited_-71.48739397312836_-29.015245699942835.tif
sentinel_1_231_rural_123.68949694537915_12.486174110311742.tif,water_1_231_rural_123.68949694537915_12.486174110311742.tif
sentinel_8_737_inhabited_106.44120356953464_51.236596116653416.tif,water_8_737_inhabited_106.44120356953464_51.236596116653416.tif
sentinel_13_92_inhabited_39.88661433206285_16.33860108813315.tif,water_13_92_inhabited_39.88661433206285_16.33860108813315.tif
sentinel_1_467_rural_-55.109873851000735_-2.024592405902353.tif,water_1_467_rural_-55.109873851000735_-2.024592405902353.tif
sentinel_1_247_high_density_125.01146433918898_11.209435378487015.tif,water_1_247_high_density_125.01146433918898_11.209435378487015.tif
sentinel_1_519_rural_-86.77277768794286_20.51804070081006.tif,water_1_5_inhabited_10.06661682860042_-1.006392353156414.tif
sentinel_13_599_low_density_-60.93426246499067_14.07841207807198.tif,water_13_599_low_density_-60.93426246499067_14.07841207807198.tif
sentinel_4_171_rural_176.8963557806997_-39.44157375142368.tif,water_4_171_rural_176.8963557806997_-39.44157375142368.tif
sentinel_9_742_rural_118.96523098868906_39.18198718359733.tif,water_9_742_rural_118.96523098868906_39.18198718359733.tif
sentinel_1_25_inhabited_40.90613427872061_-2.2963077285940767.tif,water_1_25_inhabited_40.90613427872061_-2.2963077285940767.tif
sentinel_4_657_rural_112.89901194726758_29.42947835140374.tif,water_4_657_rural_112.89901194726758_29.42947835140374.tif
sentinel_4_681_rural_127.83456134803505_34.8421982970385.tif,water_4_681_rural_127.83456134803505_34.8421982970385.tif
sentinel_7_574_rural_-56.89336712204431_-34.64883829805793.tif,water_7_574_rural_-56.89336712204431_-34.64883829805793.tif
sentinel_1_152_rural_156.5748410406182_-8.001183516149558.tif,water_1_152_rural_156.5748410406182_-8.001183516149558.tif
sentinel_13_98_inhabited_12.67025917910115_-19.252422967012624.tif,water_13_98_inhabited_12.67025917910115_-19.252422967012624.tif
sentinel_4_651_low_density_1.7285170141556534_52.66277716118333.tif,water_4_651_low_density_1.7285170141556534_52.66277716118333.tif
sentinel_10_751_rural_85.61899420856585_28.867885787429604.tif,water_10_751_rural_85.61899420856585_28.867885787429604.tif
sentinel_4_659_inhabited_112.03660842622801_31.009119358687997.tif,water_4_659_inhabited_112.03660842622801_31.009119358687997.tif
sentinel_12_806_rural_14.419791936521696_44.89375228228038.tif,water_12_806_rural_14.419791936521696_44.89375228228038.tif
sentinel_1_514_inhabited_-97.68125049992861_21.84036482270417.tif,water_1_517_inhabited_-61.21257279814046_14.844146747373921.tif
sentinel_4_664_rural_-1.2928851367392582_49.579803742942445.tif,water_4_664_rural_-1.2928851367392582_49.579803742942445.tif
sentinel_13_827_inhabited_83.8604674443205_48.993088603633204.tif,water_13_827_inhabited_83.8604674443205_48.993088603633204.tif
sentinel_4_174_inhabited_167.97767654999527_-47.13915491324831.tif,water_4_174_inhabited_167.97767654999527_-47.13915491324831.tif
sentinel_1_500_rural_-47.395348105173_-24.66334589492285.tif,water_1_507_inhabited_-52.067808225824166_-2.3306472658066637.tif
sentinel_4_648_low_density_-8.694761012204637_41.18180928314779.tif,water_4_648_low_density_-8.694761012204637_41.18180928314779.tif
sentinel_4_655_low_density_128.63960745222417_40.17412824978694.tif,water_4_655_low_density_128.63960745222417_40.17412824978694.tif
sentinel_10_764_inhabited_100.26516132826785_50.88880407088885.tif,water_10_764_inhabited_100.26516132826785_50.88880407088885.tif
sentinel_9_586_inhabited_-56.18987704434743_-27.367420578450336.tif,water_9_586_inhabited_-56.18987704434743_-27.367420578450336.tif
sentinel_4_646_rural_27.62595479842808_42.446686806170355.tif,water_4_646_rural_27.62595479842808_42.446686806170355.tif
sentinel_6_369_rural_-160.33139288668946_55.295532982462014.tif,water_6_369_rural_-160.33139288668946_55.295532982462014.tif
sentinel_1_30_high_density_-10.695385749944718_6.273678717933036.tif,water_1_30_high_density_-10.695385749944718_6.273678717933036.tif
sentinel_9_743_inhabited_124.19961810589336_46.605953445681486.tif,water_9_743_inhabited_124.19961810589336_46.605953445681486.tif
sentinel_4_651_high_density_-1.3351262010185512_54.84937762655949.tif,water_4_651_high_density_-1.3351262010185512_54.84937762655949.tif
sentinel_14_113_low_density_-11.810580168805213_7.170974704715846.tif,water_14_113_low_density_-11.810580168805213_7.170974704715846.tif
sentinel_1_231_rural_123.74533826787146_11.145835220161716.tif,water_1_231_rural_123.74533826787146_11.145835220161716.tif
sentinel_7_574_low_density_-51.07329491787412_-30.22945891679615.tif,water_7_574_low_density_-51.07329491787412_-30.22945891679615.tif
sentinel_4_648_low_density_-8.7962278566758_42.26012247719523.tif,water_4_648_low_density_-8.7962278566758_42.26012247719523.tif
sentinel_4_666_low_density_141.67359996335594_42.63129804888406.tif,water_4_666_low_density_141.67359996335594_42.63129804888406.tif
sentinel_1_494_inhabited_-96.56868249158859_18.267581449247515.tif,water_1_495_inhabited_-66.0727387776364_18.457895882208582.tif
sentinel_13_213_inhabited_116.17711562760726_-20.942101210992767.tif,water_13_213_inhabited_116.17711562760726_-20.942101210992767.tif
sentinel_4_561_rural_-71.25693425338312_-54.733717463435205.tif,water_4_561_rural_-71.25693425338312_-54.733717463435205.tif
sentinel_12_204_inhabited_139.84022272882746_-36.598366196826575.tif,water_12_204_inhabited_139.84022272882746_-36.598366196826575.tif
sentinel_1_470_rural_-82.04231358078849_9.147457869352568.tif,water_1_470_rural_-82.04231358078849_9.147457869352568.tif
sentinel_1_450_inhabited_-83.19271260246592_15.007639687498516.tif,water_1_450_inhabited_-83.19271260246592_15.007639687498516.tif
sentinel_8_575_inhabited_-63.73069404953713_-38.30882385171577.tif,water_8_575_inhabited_-63.73069404953713_-38.30882385171577.tif
sentinel_6_379_rural_-105.5636212685091_60.599134266217895.tif,water_6_379_rural_-105.5636212685091_60.599134266217895.tif
sentinel_1_150_inhabited_146.61389598878233_-18.73615716524677.tif,water_1_150_inhabited_146.61389598878233_-18.73615716524677.tif
sentinel_8_575_inhabited_-63.59366141506369_-37.2527258991166.tif,water_8_575_inhabited_-63.59366141506369_-37.2527258991166.tif
sentinel_6_370_inhabited_-76.84328713493801_49.80858684069159.tif,water_6_370_inhabited_-76.84328713493801_49.80858684069159.tif
sentinel_13_830_inhabited_43.28201020651237_33.96244887290101.tif,water_13_830_inhabited_43.28201020651237_33.96244887290101.tif
sentinel_8_734_inhabited_115.85035716151184_50.14125807478392.tif,water_8_734_inhabited_115.85035716151184_50.14125807478392.tif
sentinel_4_563_rural_-72.9850945394545_-41.24805814749883.tif,water_4_563_rural_-72.9850945394545_-41.24805814749883.tif
sentinel_13_431_inhabited_-110.8264752868386_25.633962880327466.tif,water_13_431_inhabited_-110.8264752868386_25.633962880327466.tif
sentinel_4_665_rural_28.027742098848815_41.97143581589409.tif,water_4_665_rural_28.027742098848815_41.97143581589409.tif
sentinel_1_280_rural_102.2131062461625_1.4447130685080367.tif,water_1_280_rural_102.2131062461625_1.4447130685080367.tif
sentinel_1_441_rural_-38.271563603313176_-12.851245172658409.tif,water_1_441_rural_-38.271563603313176_-12.851245172658409.tif
sentinel_13_102_inhabited_17.585263183352385_-30.84089085324464.tif,water_13_102_inhabited_17.585263183352385_-30.84089085324464.tif
sentinel_1_219_inhabited_109.86543645049679_1.760894546904724.tif,water_1_219_inhabited_109.86543645049679_1.760894546904724.tif
sentinel_7_574_rural_-51.14134525905076_-31.091474496044093.tif,water_7_574_rural_-51.14134525905076_-31.091474496044093.tif
sentinel_12_794_rural_17.373576279042148_43.10204088799529.tif,water_12_794_rural_17.373576279042148_43.10204088799529.tif
sentinel_13_842_inhabited_32.96015443361271_23.348883168185964.tif,water_13_842_inhabited_32.96015443361271_23.348883168185964.tif
sentinel_1_247_rural_126.18743630540793_9.049201577639892.tif,water_1_247_rural_126.18743630540793_9.049201577639892.tif
sentinel_8_190_low_density_170.52663248517652_-45.88675841407436.tif,water_8_190_low_density_170.52663248517652_-45.88675841407436.tif
sentinel_4_657_low_density_122.21444415330349_30.08914438394736.tif,water_4_657_low_density_122.21444415330349_30.08914438394736.tif
sentinel_10_588_inhabited_-69.0890174214209_-16.10575129022326.tif,water_10_588_inhabited_-69.0890174214209_-16.10575129022326.tif
sentinel_4_670_inhabited_133.38276216097665_36.24062143751072.tif,water_4_670_inhabited_133.38276216097665_36.24062143751072.tif
sentinel_1_256_inhabited_97.05513028461004_19.92052561874937.tif,water_1_256_inhabited_97.05513028461004_19.92052561874937.tif
sentinel_1_260_rural_108.05697667265494_16.269765945171102.tif,water_1_260_rural_108.05697667265494_16.269765945171102.tif
sentinel_4_682_low_density_132.47970055653175_34.27141998489427.tif,water_4_682_low_density_132.47970055653175_34.27141998489427.tif
sentinel_8_190_rural_171.21425708132526_-44.50488745671254.tif,water_8_190_rural_171.21425708132526_-44.50488745671254.tif
sentinel_13_837_rural_34.441378621546356_28.018632155396627.tif,water_13_837_rural_34.441378621546356_28.018632155396627.tif
sentinel_4_657_high_density_119.06050860089807_29.565632542969656.tif,water_4_657_high_density_119.06050860089807_29.565632542969656.tif
sentinel_1_18_rural_48.315363211823126_-13.313404242241756.tif,water_1_18_rural_48.315363211823126_-13.313404242241756.tif
sentinel_4_647_rural_16.085319689196364_54.24096896062523.tif,water_4_647_rural_16.085319689196364_54.24096896062523.tif
sentinel_12_790_rural_33.87407840822382_35.40498144099391.tif,water_12_790_rural_33.87407840822382_35.40498144099391.tif
sentinel_4_682_high_density_131.90654108442496_33.98138221597393.tif,water_4_682_high_density_131.90654108442496_33.98138221597393.tif
sentinel_2_521_rural_-101.08713863915688_20.245491526221343.tif,water_2_521_rural_-103.14359578118716_20.27936285782332.tif
sentinel_12_203_rural_137.9848398306002_-35.73532502433634.tif,water_12_203_rural_137.9848398306002_-35.73532502433634.tif
sentinel_5_364_low_density_-122.51286503220427_47.29484442652939.tif,water_5_364_low_density_-122.51286503220427_47.29484442652939.tif
sentinel_7_39_inhabited_29.847420974941116_-5.588586891182666.tif,water_7_39_inhabited_29.847420974941116_-5.588586891182666.tif
sentinel_1_471_inhabited_-81.19309562156391_7.782754451046512.tif,water_1_471_inhabited_-81.19309562156391_7.782754451046512.tif
sentinel_12_205_rural_114.8409192423359_-29.04707476326233.tif,water_12_205_rural_114.8409192423359_-29.04707476326233.tif
sentinel_13_99_inhabited_43.236411439139836_-22.272014722879838.tif,water_13_99_inhabited_43.236411439139836_-22.272014722879838.tif
sentinel_13_608_high_density_-77.20879073008686_-12.102388200843764.tif,water_13_608_high_density_-77.20879073008686_-12.102388200843764.tif
sentinel_4_663_low_density_1.7344922095672706_52.45569650826131.tif,water_4_663_low_density_1.7344922095672706_52.45569650826131.tif
sentinel_1_247_low_density_124.51745391078086_10.865183858958884.tif,water_1_247_low_density_124.51745391078086_10.865183858958884.tif
sentinel_4_175_rural_174.0938018504069_-40.893506104537245.tif,water_4_175_rural_174.0938018504069_-40.893506104537245.tif
sentinel_7_573_inhabited_-83.55574585563117_13.633549861474956.tif,water_7_573_inhabited_-83.55574585563117_13.633549861474956.tif
sentinel_1_625_rural_-140.09211288823556_-8.949875101674381.tif,water_1_628_inhabited_-109.29597357316332_-27.12842168018775.tif
sentinel_4_681_low_density_126.51073896818698_33.22711635458146.tif,water_4_681_low_density_126.51073896818698_33.22711635458146.tif
sentinel_1_517_rural_-61.30610690183753_15.239722520027215.tif,water_1_518_inhabited_-49.441223800403456_-2.2130875256336164.tif
sentinel_1_261_inhabited_84.80127088008179_19.15115678208887.tif,water_1_261_inhabited_84.80127088008179_19.15115678208887.tif
sentinel_1_7_inhabited_8.90370111026595_3.6294362523406845.tif,water_1_7_rural_8.765460059407019_3.3514871063762426.tif
sentinel_8_735_high_density_28.651160098928973_44.085830057911785.tif,water_8_735_high_density_28.651160098928973_44.085830057911785.tif
sentinel_1_28_low_density_40.11127276133756_-16.017768767337714.tif,water_1_28_low_density_40.11127276133756_-16.017768767337714.tif
sentinel_12_204_inhabited_139.84125724027186_-36.52914757117393.tif,water_12_204_inhabited_139.84125724027186_-36.52914757117393.tif
sentinel_1_475_rural_-61.65673939497314_16.283326071474633.tif,water_1_475_rural_-61.65673939497314_16.283326071474633.tif
sentinel_12_785_low_density_22.769195572136947_37.96159365268394.tif,water_12_785_low_density_22.769195572136947_37.96159365268394.tif
sentinel_2_527_inhabited_-85.8059197247263_10.51182685507962.tif,water_2_528_inhabited_-92.32867045020168_16.03037464601581.tif
sentinel_4_655_rural_125.35666564724148_37.84069404582187.tif,water_4_655_rural_125.35666564724148_37.84069404582187.tif
sentinel_6_718_inhabited_111.44048904279705_52.63396245017597.tif,water_6_718_inhabited_111.44048904279705_52.63396245017597.tif
sentinel_12_805_rural_-5.289394587799609_36.25872092868665.tif,water_12_805_rural_-5.289394587799609_36.25872092868665.tif
sentinel_4_682_low_density_136.18130735942245_35.42676860874104.tif,water_4_682_low_density_136.18130735942245_35.42676860874104.tif
sentinel_13_608_inhabited_-77.86146043307762_-10.664069483246365.tif,water_13_608_inhabited_-77.86146043307762_-10.664069483246365.tif
sentinel_7_58_inhabited_18.286902734112097_-2.347792509357164.tif,water_7_58_inhabited_18.286902734112097_-2.347792509357164.tif
sentinel_1_242_low_density_74.688319532435_13.442575481557977.tif,water_1_242_low_density_74.688319532435_13.442575481557977.tif
sentinel_3_553_low_density_-91.15815642367212_14.72766610965581.tif,water_3_553_low_density_-91.15815642367212_14.72766610965581.tif
sentinel_12_801_low_density_20.671527418170722_41.153279954607854.tif,water_12_801_low_density_20.671527418170722_41.153279954607854.tif
sentinel_1_241_low_density_124.04454840765872_12.90166868737078.tif,water_1_241_low_density_124.04454840765872_12.90166868737078.tif
sentinel_12_798_rural_3.2926135951675968_36.78893479854769.tif,water_12_798_rural_3.2926135951675968_36.78893479854769.tif
sentinel_1_450_inhabited_-86.59889504236375_16.33188568194666.tif,water_1_450_inhabited_-86.59889504236375_16.33188568194666.tif
sentinel_7_44_rural_2.8323050525214324_6.413667736404916.tif,water_7_44_rural_2.8323050525214324_6.413667736404916.tif
sentinel_1_239_inhabited_102.56681997812606_18.6035613363215.tif,water_1_239_inhabited_102.56681997812606_18.6035613363215.tif
sentinel_12_806_low_density_12.679841787265003_37.59692390943208.tif,water_12_806_low_density_12.679841787265003_37.59692390943208.tif
sentinel_1_30_low_density_-11.601359147377531_7.033402519014931.tif,water_1_30_low_density_-11.601359147377531_7.033402519014931.tif
sentinel_13_597_high_density_-63.788207534924474_10.99300399065591.tif,water_13_597_high_density_-63.788207534924474_10.99300399065591.tif
sentinel_13_601_inhabited_-90.44359439805953_0.35473486610478006.tif,water_13_601_inhabited_-90.44359439805953_0.35473486610478006.tif
sentinel_13_599_rural_-61.197978160392516_13.13017532085461.tif,water_13_599_rural_-61.197978160392516_13.13017532085461.tif
sentinel_13_426_inhabited_-111.28446509693698_24.26158089000737.tif,water_13_426_inhabited_-111.28446509693698_24.26158089000737.tif
sentinel_2_547_inhabited_-101.34737623573704_17.509882080043884.tif,water_2_547_inhabited_-101.34737623573704_17.509882080043884.tif
sentinel_8_578_rural_-61.28873870323436_-51.75251410853711.tif,water_8_578_rural_-61.28873870323436_-51.75251410853711.tif
sentinel_7_384_rural_-93.29885936190517_29.99738946157061.tif,water_7_384_rural_-93.29885936190517_29.99738946157061.tif
sentinel_1_269_inhabited_120.69347153857939_22.08313612045798.tif,water_1_269_inhabited_120.69347153857939_22.08313612045798.tif
sentinel_4_674_rural_16.7291425356971_47.79550783370924.tif,water_4_674_rural_16.7291425356971_47.79550783370924.tif
sentinel_1_13_inhabited_55.490685540066075_-4.66821951554933.tif,water_1_13_inhabited_55.490685540066075_-4.66821951554933.tif
sentinel_13_827_inhabited_83.19488864378002_48.178508941391804.tif,water_13_827_inhabited_83.19488864378002_48.178508941391804.tif
sentinel_7_44_low_density_-0.4663818382809578_6.704583948232781.tif,water_7_44_low_density_-0.4663818382809578_6.704583948232781.tif
sentinel_1_289_low_density_108.5296324661181_-6.503139599042308.tif,water_1_289_low_density_108.5296324661181_-6.503139599042308.tif
sentinel_13_95_rural_47.81570756148135_4.312476892606472.tif,water_13_95_rural_47.81570756148135_4.312476892606472.tif
sentinel_2_529_rural_-57.5697146516289_-18.107615658056197.tif,water_2_529_rural_-57.5697146516289_-18.107615658056197.tif
sentinel_1_159_rural_167.69762716743466_-16.50116207613757.tif,water_1_159_rural_167.69762716743466_-16.50116207613757.tif
sentinel_8_399_rural_-88.91930867125275_30.40413974146383.tif,water_8_399_rural_-88.91930867125275_30.40413974146383.tif
sentinel_1_458_inhabited_-85.77955306019727_12.137071088837466.tif,water_1_458_inhabited_-85.77955306019727_12.137071088837466.tif
sentinel_1_28_rural_39.96872867796205_-16.22672224270219.tif,water_1_28_rural_39.96872867796205_-16.22672224270219.tif
sentinel_12_797_low_density_12.79755313687387_32.77575276864851.tif,water_12_797_low_density_12.79755313687387_32.77575276864851.tif
sentinel_1_260_low_density_107.21168272235745_16.858362825124907.tif,water_1_260_low_density_107.21168272235745_16.858362825124907.tif
sentinel_4_687_inhabited_71.62321819121632_56.169797712303776.tif,water_4_687_inhabited_71.62321819121632_56.169797712303776.tif
sentinel_8_732_inhabited_75.89911707788139_49.75246459483292.tif,water_8_732_inhabited_75.89911707788139_49.75246459483292.tif
sentinel_1_468_inhabited_-68.61934922566357_18.15881059725081.tif,water_1_468_inhabited_-68.61934922566357_18.15881059725081.tif
sentinel_4_655_low_density_125.61582414136673_37.766013021378754.tif,water_4_655_low_density_125.61582414136673_37.766013021378754.tif
sentinel_13_811_inhabited_52.16149393895706_23.956074499532637.tif,water_13_811_inhabited_52.16149393895706_23.956074499532637.tif
sentinel_1_30_rural_-10.834924399210198_6.481526336236255.tif,water_1_30_rural_-10.834924399210198_6.481526336236255.tif
sentinel_13_435_inhabited_-112.54067412751165_28.85688964423181.tif,water_13_435_inhabited_-112.54067412751165_28.85688964423181.tif
sentinel_12_791_high_density_35.78470956850325_35.51959371537062.tif,water_12_791_high_density_35.78470956850325_35.51959371537062.tif
sentinel_4_665_rural_35.185464355233826_42.02618019952724.tif,water_4_665_rural_35.185464355233826_42.02618019952724.tif
sentinel_1_11_rural_-0.12052504237358863_6.494511238503891.tif,water_1_11_rural_-0.12052504237358863_6.494511238503891.tif
sentinel_4_682_high_density_131.4435035719341_31.86652422744668.tif,water_4_682_high_density_131.4435035719341_31.86652422744668.tif
sentinel_12_785_low_density_26.76750204092183_40.36395218163212.tif,water_12_785_low_density_26.76750204092183_40.36395218163212.tif
sentinel_2_541_inhabited_-80.35692053292071_7.990709087775015.tif,water_2_541_inhabited_-80.35692053292071_7.990709087775015.tif
sentinel_5_689_low_density_8.358473447157962_46.998626343548985.tif,water_5_689_low_density_8.358473447157962_46.998626343548985.tif
sentinel_6_716_inhabited_142.7961340625504_53.72550579704898.tif,water_6_716_inhabited_142.7961340625504_53.72550579704898.tif
sentinel_8_393_rural_-80.06884476846389_33.34447989430815.tif,water_8_393_rural_-80.06884476846389_33.34447989430815.tif
sentinel_1_230_rural_112.9709149517544_-7.191838838544918.tif,water_1_230_rural_112.9709149517544_-7.191838838544918.tif
sentinel_4_682_rural_129.3593375759577_34.306312450637485.tif,water_4_682_rural_129.3593375759577_34.306312450637485.tif
sentinel_1_265_low_density_102.90251448273263_1.7926433464052591.tif,water_1_265_low_density_102.90251448273263_1.7926433464052591.tif
sentinel_1_221_rural_115.01174294459237_4.920225611584824.tif,water_1_221_rural_115.01174294459237_4.920225611584824.tif
sentinel_2_163_inhabited_121.68843521573584_-8.33442551517673.tif,water_2_163_rural_122.94384160812089_-8.197651508564382.tif
sentinel_1_480_rural_-48.43005575001879_-0.3921601012463512.tif,water_1_480_rural_-48.43005575001879_-0.3921601012463512.tif
sentinel_1_517_inhabited_-61.21257279814046_14.844146747373921.tif,water_1_517_rural_-61.30610690183753_15.239722520027215.tif
sentinel_4_179_inhabited_146.22735435486334_-42.74006444177972.tif,water_4_179_inhabited_146.22735435486334_-42.74006444177972.tif
sentinel_1_284_inhabited_99.9091467001607_6.3430623303246545.tif,water_1_284_inhabited_99.9091467001607_6.3430623303246545.tif
sentinel_8_731_rural_82.1631908921453_54.41098110648995.tif,water_8_731_rural_82.1631908921453_54.41098110648995.tif
sentinel_13_821_inhabited_57.67932827372471_19.751338406579524.tif,water_13_821_inhabited_57.67932827372471_19.751338406579524.tif
sentinel_13_207_inhabited_115.32149885837102_-20.856602407393993.tif,water_13_207_inhabited_115.32149885837102_-20.856602407393993.tif
sentinel_4_179_inhabited_144.77082466856365_-40.49674421100374.tif,water_4_179_inhabited_144.77082466856365_-40.49674421100374.tif
sentinel_4_682_high_density_132.648339299272_34.20553230772856.tif,water_4_682_high_density_132.648339299272_34.20553230772856.tif
sentinel_1_250_rural_97.68902271306477_15.925202288569235.tif,water_1_250_rural_97.68902271306477_15.925202288569235.tif
sentinel_1_500_high_density_-48.45084407912996_-25.51837406282004.tif,water_1_500_rural_-47.395348105173_-24.66334589492285.tif
sentinel_8_399_low_density_-86.61802012678196_30.39836520559962.tif,water_8_399_low_density_-86.61802012678196_30.39836520559962.tif
sentinel_8_402_inhabited_-101.70792576961551_41.19493687664913.tif,water_8_402_inhabited_-101.70792576961551_41.19493687664913.tif
sentinel_1_284_rural_98.33081666858617_7.7921809906734945.tif,water_1_284_rural_98.33081666858617_7.7921809906734945.tif
sentinel_4_651_low_density_-1.4467285821841946_55.05793424193019.tif,water_4_651_low_density_-1.4467285821841946_55.05793424193019.tif
sentinel_4_675_rural_12.490111496541934_44.10523606569639.tif,water_4_675_rural_12.490111496541934_44.10523606569639.tif
sentinel_6_379_rural_-106.61091249652772_61.89128811038439.tif,water_6_379_rural_-106.61091249652772_61.89128811038439.tif
sentinel_6_715_inhabited_138.51757309255646_53.96232419489644.tif,water_6_715_inhabited_138.51757309255646_53.96232419489644.tif
sentinel_13_95_inhabited_48.02421066763942_4.589204244882268.tif,water_13_95_inhabited_48.02421066763942_4.589204244882268.tif
sentinel_1_251_high_density_127.87275354855782_26.337002588817956.tif,water_1_251_high_density_127.87275354855782_26.337002588817956.tif
sentinel_1_231_low_density_123.30544348984797_9.286390080874783.tif,water_1_231_low_density_123.30544348984797_9.286390080874783.tif
sentinel_13_599_rural_-64.76319443936147_18.33583690907261.tif,water_13_599_rural_-64.76319443936147_18.33583690907261.tif
sentinel_4_686_low_density_6.46316821719922_46.48848734663055.tif,water_4_686_low_density_6.46316821719922_46.48848734663055.tif
sentinel_4_657_rural_120.44754765638082_31.023138772400035.tif,water_4_657_rural_120.44754765638082_31.023138772400035.tif
sentinel_1_243_rural_120.04523418203576_13.872370395695413.tif,water_1_243_rural_120.04523418203576_13.872370395695413.tif
sentinel_1_278_low_density_99.16129748518414_3.5295345523392836.tif,water_1_278_low_density_99.16129748518414_3.5295345523392836.tif
sentinel_13_430_rural_-118.94816600895757_37.946579859436994.tif,water_13_430_rural_-118.94816600895757_37.946579859436994.tif
sentinel_13_602_inhabited_-74.85805521403442_11.059935097468133.tif,water_13_602_inhabited_-74.85805521403442_11.059935097468133.tif
sentinel_1_262_rural_119.24511984361175_10.090098454747867.tif,water_1_262_rural_119.24511984361175_10.090098454747867.tif
sentinel_13_608_high_density_-77.0677359864632_-12.103476221500804.tif,water_13_608_high_density_-77.0677359864632_-12.103476221500804.tif
sentinel_2_292_inhabited_82.88152085814805_24.097976472356443.tif,water_2_292_low_density_82.72953239874134_24.030425550497792.tif
sentinel_7_35_inhabited_13.37155091997869_-8.320044914279368.tif,water_7_35_inhabited_13.37155091997869_-8.320044914279368.tif
sentinel_7_183_inhabited_142.29561780570532_-10.536677425250474.tif,water_7_183_inhabited_142.29561780570532_-10.536677425250474.tif
sentinel_13_817_inhabited_58.64659647423817_45.7664117357429.tif,water_13_817_inhabited_58.64659647423817_45.7664117357429.tif
sentinel_4_667_low_density_118.12599695672318_34.14347945746879.tif,water_4_667_low_density_118.12599695672318_34.14347945746879.tif
sentinel_12_799_rural_3.206637667756107_41.94238923163196.tif,water_12_799_rural_3.206637667756107_41.94238923163196.tif
sentinel_1_268_low_density_110.0160648840822_18.381235016897747.tif,water_1_268_low_density_110.0160648840822_18.381235016897747.tif
sentinel_7_572_inhabited_-62.583296002868664_7.559563066018387.tif,water_7_572_inhabited_-62.583296002868664_7.559563066018387.tif
sentinel_2_163_rural_122.94384160812089_-8.197651508564382.tif,water_2_163_rural_123.50181784114065_-8.33627604211391.tif
sentinel_1_20_low_density_55.44881904027526_-20.896908221816087.tif,water_1_20_low_density_55.44881904027526_-20.896908221816087.tif
sentinel_4_561_rural_-69.01624489222867_-54.036153531038345.tif,water_4_561_rural_-69.01624489222867_-54.036153531038345.tif
sentinel_2_527_inhabited_-85.037567563106_9.952619910169078.tif,water_2_527_inhabited_-85.8059197247263_10.51182685507962.tif
sentinel_1_4_inhabited_45.049477468369865_-12.745510968479103.tif,water_1_4_rural_45.19108514052415_-12.88434507977814.tif
sentinel_4_172_rural_168.5092593638797_-46.59902846174547.tif,water_4_172_rural_168.5092593638797_-46.59902846174547.tif
sentinel_1_25_inhabited_39.91422062668473_-3.5262169811555206.tif,water_1_25_inhabited_39.91422062668473_-3.5262169811555206.tif
sentinel_1_247_low_density_125.2107415652675_9.040399312160387.tif,water_1_247_low_density_125.2107415652675_9.040399312160387.tif
sentinel_1_19_inhabited_32.7021151738519_-27.399008850312946.tif,water_1_19_inhabited_32.7021151738519_-27.399008850312946.tif
sentinel_7_574_high_density_-55.96899101456394_-34.85228478362141.tif,water_7_574_high_density_-55.96899101456394_-34.85228478362141.tif
sentinel_4_657_low_density_120.93082056945221_31.920519482102858.tif,water_4_657_low_density_120.93082056945221_31.920519482102858.tif
sentinel_1_268_rural_114.44477716384883_22.570631802227.tif,water_1_268_rural_114.44477716384883_22.570631802227.tif
sentinel_2_521_inhabited_-102.92399843160813_20.207531198953358.tif,water_2_521_low_density_-102.99657921945504_20.277739745039863.tif
sentinel_6_716_inhabited_143.11747026176488_53.16787737391137.tif,water_6_716_inhabited_143.11747026176488_53.16787737391137.tif
sentinel_1_243_inhabited_120.3299968344099_13.806273140780181.tif,water_1_243_inhabited_120.3299968344099_13.806273140780181.tif
sentinel_4_180_inhabited_170.40517103158172_-43.066492934397225.tif,water_4_180_inhabited_170.40517103158172_-43.066492934397225.tif
sentinel_4_675_rural_12.098994824942094_44.57137265341941.tif,water_4_675_rural_12.098994824942094_44.57137265341941.tif
sentinel_6_375_inhabited_-160.34674557161648_61.61515827764975.tif,water_6_375_inhabited_-160.34674557161648_61.61515827764975.tif
sentinel_4_652_inhabited_31.59183914345336_37.812561577275666.tif,water_4_652_inhabited_31.59183914345336_37.812561577275666.tif
sentinel_9_75_inhabited_36.72257445667031_-18.31717557116394.tif,water_9_75_inhabited_36.72257445667031_-18.31717557116394.tif
sentinel_1_467_inhabited_-54.2549170287204_-2.3752248990379625.tif,water_1_467_inhabited_-54.2549170287204_-2.3752248990379625.tif
sentinel_1_265_high_density_103.93812286599122_1.3072434421313541.tif,water_1_265_high_density_103.93812286599122_1.3072434421313541.tif
sentinel_4_664_low_density_4.096081177583795_51.97402887156913.tif,water_4_664_low_density_4.096081177583795_51.97402887156913.tif
sentinel_1_16_inhabited_29.955447157061897_-31.329064318373796.tif,water_1_16_inhabited_29.955447157061897_-31.329064318373796.tif
sentinel_1_18_inhabited_48.179284824975106_-13.731239847353846.tif,water_1_18_inhabited_48.179284824975106_-13.731239847353846.tif
sentinel_1_492_rural_-34.97631467942299_-6.473803173211687.tif,water_1_492_rural_-34.97713515401683_-6.682101160721305.tif
sentinel_13_817_inhabited_73.80927910536501_46.18645459587645.tif,water_13_817_inhabited_73.80927910536501_46.18645459587645.tif
sentinel_4_669_rural_129.65915415348826_41.553591292579895.tif,water_4_669_rural_129.65915415348826_41.553591292579895.tif
sentinel_1_20_rural_57.73027350326031_-20.048720314934883.tif,water_1_20_rural_57.73027350326031_-20.048720314934883.tif
sentinel_12_797_high_density_15.264644435814922_32.32062570142645.tif,water_12_797_high_density_15.264644435814922_32.32062570142645.tif
sentinel_1_467_inhabited_-55.17890073530808_-2.0246726697213147.tif,water_1_467_inhabited_-55.17890073530808_-2.0246726697213147.tif
sentinel_1_507_inhabited_-54.207668393958095_-2.3967534389239997.tif,water_1_508_inhabited_-49.558235071146925_-4.205618994961695.tif
sentinel_1_20_rural_55.747614483664584_-21.027287877517793.tif,water_1_20_rural_55.747614483664584_-21.027287877517793.tif
sentinel_7_567_rural_-49.632653008627884_-21.3343014441486.tif,water_7_567_rural_-49.632653008627884_-21.3343014441486.tif
sentinel_14_111_low_density_8.75099027648859_-0.6953031681627624.tif,water_14_111_low_density_8.75099027648859_-0.6953031681627624.tif
sentinel_1_230_rural_112.69785743964559_-8.44286639369548.tif,water_1_230_rural_112.69785743964559_-8.44286639369548.tif
sentinel_1_482_rural_-60.79242291958162_-3.257159282691649.tif,water_1_482_rural_-60.79242291958162_-3.257159282691649.tif
sentinel_14_319_low_density_100.57056070031729_7.19410852098112.tif,water_14_319_low_density_100.57056070031729_7.19410852098112.tif
sentinel_13_597_rural_-64.37010238599495_10.993704069521302.tif,water_13_597_rural_-64.37010238599495_10.993704069521302.tif
sentinel_13_98_inhabited_11.863282284155884_-18.089623185305545.tif,water_13_98_inhabited_11.863282284155884_-18.089623185305545.tif
sentinel_1_245_inhabited_98.7689545607946_-1.4834626566624816.tif,water_1_245_inhabited_98.7689545607946_-1.4834626566624816.tif
sentinel_14_616_low_density_-38.60327613067901_-12.991929810894629.tif,water_14_616_low_density_-38.60327613067901_-12.991929810894629.tif
sentinel_12_806_low_density_14.496760479805225_40.59547316742808.tif,water_12_806_low_density_14.496760479805225_40.59547316742808.tif
sentinel_4_336_rural_-87.04830108293423_34.687240076330205.tif,water_4_336_rural_-87.04830108293423_34.687240076330205.tif
sentinel_7_44_rural_0.019044820599267345_6.6324535295922376.tif,water_7_44_rural_0.019044820599267345_6.6324535295922376.tif
sentinel_1_471_rural_-80.84501373423089_7.2270033094523916.tif,water_1_471_rural_-80.84501373423089_7.2270033094523916.tif
sentinel_1_465_rural_-58.35477952399753_6.9620881158671715.tif,water_1_465_rural_-58.35477952399753_6.9620881158671715.tif
sentinel_8_577_inhabited_-64.98589978237477_-42.12968039407878.tif,water_8_577_inhabited_-64.98589978237477_-42.12968039407878.tif
sentinel_1_11_high_density_-1.6511828245857418_4.972843004015486.tif,water_1_11_high_density_-1.6511828245857418_4.972843004015486.tif
sentinel_13_839_inhabited_-16.361471817436275_19.402355780833688.tif,water_13_839_inhabited_-16.361471817436275_19.402355780833688.tif
sentinel_4_667_rural_118.20927958709838_34.142690196582336.tif,water_4_667_rural_118.20927958709838_34.142690196582336.tif
sentinel_10_764_inhabited_100.61174941674798_51.43705946361214.tif,water_10_764_inhabited_100.61174941674798_51.43705946361214.tif
sentinel_1_510_low_density_-61.67878073148033_10.168962115979111.tif,water_1_511_rural_-54.34542786190325_-2.32705768945864.tif
sentinel_2_521_low_density_-102.99657921945504_20.277739745039863.tif,water_2_521_rural_-101.08713863915688_20.245491526221343.tif
sentinel_1_238_inhabited_92.29570431611354_20.79856274808234.tif,water_1_238_inhabited_92.29570431611354_20.79856274808234.tif
sentinel_13_601_inhabited_-90.58134048870153_-0.26944118115446714.tif,water_13_601_inhabited_-90.58134048870153_-0.26944118115446714.tif
sentinel_1_507_inhabited_-52.067808225824166_-2.3306472658066637.tif,water_1_507_inhabited_-54.207668393958095_-2.3967534389239997.tif
sentinel_1_135_rural_147.7620699190341_-2.3436678408827256.tif,water_1_135_rural_147.7620699190341_-2.3436678408827256.tif
sentinel_4_666_rural_140.7372288740418_42.56381401354122.tif,water_4_666_rural_140.7372288740418_42.56381401354122.tif
sentinel_8_726_inhabited_115.74290620342694_50.14014329952056.tif,water_8_726_inhabited_115.74290620342694_50.14014329952056.tif
sentinel_12_200_inhabited_138.52378907942497_-35.031785896527865.tif,water_12_200_inhabited_138.52378907942497_-35.031785896527865.tif
sentinel_4_657_low_density_121.80967817337904_31.458627958582714.tif,water_4_657_low_density_121.80967817337904_31.458627958582714.tif
sentinel_12_789_rural_24.982385657094795_35.41088974988972.tif,water_12_789_rural_24.982385657094795_35.41088974988972.tif
sentinel_1_10_inhabited_18.127587971674583_-0.9102630526462279.tif,water_1_10_inhabited_18.127587971674583_-0.9102630526462279.tif
sentinel_13_809_rural_35.47889550005583_31.58964526573506.tif,water_13_809_rural_35.47889550005583_31.58964526573506.tif
sentinel_1_265_low_density_103.38584536411771_1.5153140154872453.tif,water_1_265_low_density_103.38584536411771_1.5153140154872453.tif
sentinel_1_247_rural_125.78738359529702_11.002461743990267.tif,water_1_247_rural_125.78738359529702_11.002461743990267.tif
sentinel_1_480_rural_-49.37246446215932_-1.9351963479828698.tif,water_1_480_rural_-49.37246446215932_-1.9351963479828698.tif
sentinel_1_19_rural_32.6478256185262_-26.116384105097673.tif,water_1_19_rural_32.6478256185262_-26.116384105097673.tif
sentinel_13_316_rural_80.25336682915653_13.591210696972489.tif,water_13_316_rural_80.25336682915653_13.591210696972489.tif
sentinel_6_718_inhabited_106.81771222608336_52.405388930176336.tif,water_6_718_inhabited_106.81771222608336_52.405388930176336.tif
sentinel_1_465_rural_-58.42449756896814_7.031337955227187.tif,water_1_465_rural_-58.42449756896814_7.031337955227187.tif
sentinel_12_199_inhabited_137.3014959714628_-33.4749130592225.tif,water_12_199_inhabited_137.3014959714628_-33.4749130592225.tif
sentinel_1_242_low_density_74.61670191041563_13.859135783768783.tif,water_1_242_low_density_74.61670191041563_13.859135783768783.tif
sentinel_4_168_rural_153.45578457665283_-27.61597087116941.tif,water_4_168_rural_153.45578457665283_-27.61597087116941.tif
sentinel_8_578_rural_-60.03458085914426_-51.30808442474227.tif,water_8_578_rural_-60.03458085914426_-51.30808442474227.tif
sentinel_4_682_rural_134.22932249597335_34.50270017923335.tif,water_4_682_rural_134.22932249597335_34.50270017923335.tif
sentinel_12_422_rural_-119.57284147553476_34.01382663523881.tif,water_12_422_rural_-119.57284147553476_34.01382663523881.tif
sentinel_2_546_inhabited_-73.31016300625069_11.263533192467417.tif,water_2_546_inhabited_-73.31016300625069_11.263533192467417.tif
sentinel_13_212_inhabited_131.4264430513036_-31.544010825554093.tif,water_13_212_inhabited_131.4264430513036_-31.544010825554093.tif
